epoch,acc,loss,val_acc,val_loss
0,0.51419216,2.2508520569863797,0.44534412,2.5008522073427835
1,0.5474891,2.0140050480459455,0.5006748,2.012953169643879
